{
  "stem": 0.03810470510271703,
  "stem:std": 0.19144904426962286,
  "score:std": 0.2423669014379665,
  "other": 0.05737199259716225,
  "other:std": 0.23255203087178877,
  "social_sciences": 0.0880727981800455,
  "social_sciences:std": 0.28340074170824336,
  "humanities": 0.06546227417640808,
  "humanities:std": 0.2473397760896149,
  "score": 0.06266913545079049
}